{
    "images": {
        "title": {
            "image": "cca:images/logo.png",
            "posX": 30,
            "posY": 35,
            "width": 256,
            "height": 256,
            "alignment": "middle_center"
        }
    },
    "buttons": {
        "singleplayer": {
            "text": "menu.singleplayer",
            "posX": 100,
            "posY": 0,
            "width": 100,
            "height": 20,
            "action": {
                "type": "openGui",
                "gui": "singleplayer"
            }
        },
        "multiplayer": {
            "text": "menu.multiplayer",
            "posX": 100,
            "posY": 24,
            "width": 100,
            "height": 20,
            "action": {
                "type": "openGui",
                "gui": "multiplayer"
            }
        },
        "mods": {
            "text": "fml.menu.mods",
            "posX": 100,
            "posY": 48,
            "width": 100,
            "height": 20,
            "action": {
                "type": "openGui",
                "gui": "mods"
            }
        },
        "options": {
            "text": "menu.options",
            "posX": 100,
            "posY": 72,
            "width": 100,
            "height": 20,
            "action": {
                "type": "openGui",
                "gui": "options"
            }
        },
        "quit": {
            "text": "menu.quit",
            "posX": 100,
            "posY": 144,
            "width": 100,
            "height": 20,
            "action": {
                "type": "quit"
            }
        },
        "discord": {
            "text": "Discord",
            "posX": 100,
            "posY": 96,
            "width": 100,
            "height": 20,
            "action" :
			{
                "type" : "openLink",
				"link" : "https://discord.gg/jXrx4Tu"
            }
        },
        "issues": {
            "text": "Issue Tracker",
            "posX": 100,
            "posY": 120,
            "width": 100,
            "height": 20,
            "action" :
			{
                "type" : "openLink",
				"link" : "https://github.com/ClaudiusMinimus/Conquest_Colonies_Arcane/issues"
            }
        },
        "language": {
            "text": "",
            "posX": 76,
            "posY": 144,
            "width": 20,
            "height": 20,
            "action": {
                "type": "openGui",
                "gui": "languages"
            }
        },
        "refresh": {
            "text": "",
            "posX": 50,
            "posY": 144,
            "width": 20,
            "height": 20,
            "texture": "custommainmenu:textures/gui/buttons.png",
            "action": {
                "type": "refresh"
            }
        }
    },
    "labels": {
        "mojang": {
            "text": "Copyright Mojang AB. Do not distribute!",
            "hoverText": "�nCopyright Mojang AB. Do not distribute!",
            "posX": -197,
            "posY": -10,
            "color": -1,
            "alignment": "bottom_right",
            "action": {
                "type": "openGui",
                "gui": "credits"
            }
        },
        "fml": {
            "text": "",
            "posX": 2,
            "posY": -47,
            "color": -1,
            "alignment": "bottom_left"
        }
    },
    "other": {
        "splash-text": {
            "posX": 105,
            "posY": 45,
            "color": -256,
            "alignment": "top_center",
            "texts": "version 1.12.2-2.1.1"
        },
        "background": {
            "image": "",
            "slideshow": {
                "images": [
                    "cca:images/japanesegarden.png",
                    "cca:images/dragonoverdesert.png",
                    "cca:images/cyclops.png",
                    "cca:images/quietriver.png",
                    "cca:images/sunset.png"
                ],
                "displayDuration": 100,
                "fadeDuration": 40
            }
        }
    }
}