{
    "name": "minecraft:oak",
    "mod": "conquest",
    "sapling": {
        "name": "conquest:sapling_3",
        "data": 0
    },
    "growTimeMultiplier": 1.0,
    "drops": [{
            "name": "minecraft:stick",
            "data": 0,
            "type": "STICK"
        },
        {
            "name": "minecraft:log",
            "data": 0,
            "type": "WOOD"
        },
        {
            "name": "minecraft:sapling",
            "data": 0,
            "type": "SAPLING"
        },
        {
            "name": "minecraft:leaves",
            "data": 0,
            "type": "LEAVES"
        }
    ]
}